{"fields":{"free":6172151808,"inodes_free":1056825,"inodes_total":1179648,"inodes_used":122823,"inodes_used_percent":10.411834716796875,"total":9283444736,"used":3094515712,"used_percent":33.394051370907505},"name":"disk","tags":{"device":"vda1","fstype":"ext4","host":"junseolee","label":"cloudimg-rootfs","mode":"rw","path":"/"},"timestamp":1779927326}
{"fields":{"active":310353920,"available":688844800,"available_percent":68.32465944316469,"buffered":22007808,"cached":694448128,"commit_limit":504094720,"committed_as":557694976,"dirty":274432,"free":131530752,"high_free":0,"high_total":0,"huge_page_size":2097152,"huge_pages_free":0,"huge_pages_total":0,"inactive":433254400,"low_free":0,"low_total":0,"mapped":201650176,"page_tables":3350528,"shared":5169152,"slab":71729152,"sreclaimable":28606464,"sunreclaim":43122688,"swap_cached":0,"swap_free":0,"swap_total":0,"total":1008193536,"used":319348736,"used_percent":31.67534055683531,"vmalloc_chunk":0,"vmalloc_total":35184372087808,"vmalloc_used":18231296,"write_back":0,"write_back_tmp":0},"name":"mem","tags":{"host":"junseolee"},"timestamp":1779927326}
{"fields":{"free":6172147712,"inodes_free":1056825,"inodes_total":1179648,"inodes_used":122823,"inodes_used_percent":10.411834716796875,"total":9283444736,"used":3094519808,"used_percent":33.39409557234228},"name":"disk","tags":{"device":"vda1","fstype":"ext4","host":"junseolee","label":"cloudimg-rootfs","mode":"rw","path":"/"},"timestamp":1779927330}
{"fields":{"active":310448128,"available":688586752,"available_percent":68.29906435742116,"buffered":22007808,"cached":694452224,"commit_limit":504094720,"committed_as":557694976,"dirty":274432,"free":131272704,"high_free":0,"high_total":0,"huge_page_size":2097152,"huge_pages_free":0,"huge_pages_total":0,"inactive":433254400,"low_free":0,"low_total":0,"mapped":202027008,"page_tables":3346432,"shared":5169152,"slab":71729152,"sreclaimable":28606464,"sunreclaim":43122688,"swap_cached":0,"swap_free":0,"swap_total":0,"total":1008193536,"used":319606784,"used_percent":31.700935642578848,"vmalloc_chunk":0,"vmalloc_total":35184372087808,"vmalloc_used":18264064,"write_back":0,"write_back_tmp":0},"name":"mem","tags":{"host":"junseolee"},"timestamp":1779927331}
{"fields":{"active":310554624,"available":690053120,"available_percent":68.44450944783681,"buffered":22024192,"cached":694452224,"commit_limit":504094720,"committed_as":557694976,"dirty":94208,"free":132718592,"high_free":0,"high_total":0,"huge_page_size":2097152,"huge_pages_free":0,"huge_pages_total":0,"inactive":433274880,"low_free":0,"low_total":0,"mapped":202027008,"page_tables":3346432,"shared":5169152,"slab":71729152,"sreclaimable":28606464,"sunreclaim":43122688,"swap_cached":0,"swap_free":0,"swap_total":0,"total":1008193536,"used":318140416,"used_percent":31.555490552163192,"vmalloc_chunk":0,"vmalloc_total":35184372087808,"vmalloc_used":18264064,"write_back":0,"write_back_tmp":0},"name":"mem","tags":{"host":"junseolee"},"timestamp":1779927335}
{"fields":{"free":6172147712,"inodes_free":1056825,"inodes_total":1179648,"inodes_used":122823,"inodes_used_percent":10.411834716796875,"total":9283444736,"used":3094519808,"used_percent":33.39409557234228},"name":"disk","tags":{"device":"vda1","fstype":"ext4","host":"junseolee","label":"cloudimg-rootfs","mode":"rw","path":"/"},"timestamp":1779927336}
{"fields":{"active":310566912,"available":688762880,"available_percent":68.31653401911912,"buffered":22024192,"cached":694452224,"commit_limit":504094720,"committed_as":557694976,"dirty":8192,"free":131428352,"high_free":0,"high_total":0,"huge_page_size":2097152,"huge_pages_free":0,"huge_pages_total":0,"inactive":433274880,"low_free":0,"low_total":0,"mapped":202027008,"page_tables":3346432,"shared":5169152,"slab":71729152,"sreclaimable":28606464,"sunreclaim":43122688,"swap_cached":0,"swap_free":0,"swap_total":0,"total":1008193536,"used":319430656,"used_percent":31.68346598088088,"vmalloc_chunk":0,"vmalloc_total":35184372087808,"vmalloc_used":18264064,"write_back":0,"write_back_tmp":0},"name":"mem","tags":{"host":"junseolee"},"timestamp":1779927340}
{"fields":{"free":6172147712,"inodes_free":1056825,"inodes_total":1179648,"inodes_used":122823,"inodes_used_percent":10.411834716796875,"total":9283444736,"used":3094519808,"used_percent":33.39409557234228},"name":"disk","tags":{"device":"vda1","fstype":"ext4","host":"junseolee","label":"cloudimg-rootfs","mode":"rw","path":"/"},"timestamp":1779927341}
{"fields":{"active":310669312,"available":688766976,"available_percent":68.3169402903214,"buffered":22024192,"cached":694456320,"commit_limit":504094720,"committed_as":557694976,"dirty":0,"free":131428352,"high_free":0,"high_total":0,"huge_page_size":2097152,"huge_pages_free":0,"huge_pages_total":0,"inactive":433278976,"low_free":0,"low_total":0,"mapped":202088448,"page_tables":3346432,"shared":5169152,"slab":71729152,"sreclaimable":28606464,"sunreclaim":43122688,"swap_cached":0,"swap_free":0,"swap_total":0,"total":1008193536,"used":319426560,"used_percent":31.6830597096786,"vmalloc_chunk":0,"vmalloc_total":35184372087808,"vmalloc_used":18264064,"write_back":0,"write_back_tmp":0},"name":"mem","tags":{"host":"junseolee"},"timestamp":1779927345}
{"fields":{"free":6172143616,"inodes_free":1056825,"inodes_total":1179648,"inodes_used":122823,"inodes_used_percent":10.411834716796875,"total":9283444736,"used":3094523904,"used_percent":33.39413977377706},"name":"disk","tags":{"device":"vda1","fstype":"ext4","host":"junseolee","label":"cloudimg-rootfs","mode":"rw","path":"/"},"timestamp":1779927347}
{"fields":{"free":6172143616,"inodes_free":1056825,"inodes_total":1179648,"inodes_used":122823,"inodes_used_percent":10.411834716796875,"total":9283444736,"used":3094523904,"used_percent":33.39413977377706},"name":"disk","tags":{"device":"vda1","fstype":"ext4","host":"junseolee","label":"cloudimg-rootfs","mode":"rw","path":"/"},"timestamp":1779927351}
{"fields":{"active":310788096,"available":689926144,"available_percent":68.43191504056618,"buffered":22024192,"cached":694456320,"commit_limit":504094720,"committed_as":557694976,"dirty":8192,"free":132587520,"high_free":0,"high_total":0,"huge_page_size":2097152,"huge_pages_free":0,"huge_pages_total":0,"inactive":433278976,"low_free":0,"low_total":0,"mapped":202088448,"page_tables":3350528,"shared":5169152,"slab":71729152,"sreclaimable":28606464,"sunreclaim":43122688,"swap_cached":0,"swap_free":0,"swap_total":0,"total":1008193536,"used":318267392,"used_percent":31.568084959433822,"vmalloc_chunk":0,"vmalloc_total":35184372087808,"vmalloc_used":18264064,"write_back":0,"write_back_tmp":0},"name":"mem","tags":{"host":"junseolee"},"timestamp":1779927352}
{"fields":{"active":310833152,"available":689688576,"available_percent":68.40835131083404,"buffered":22024192,"cached":694456320,"commit_limit":504094720,"committed_as":557694976,"dirty":0,"free":132349952,"high_free":0,"high_total":0,"huge_page_size":2097152,"huge_pages_free":0,"huge_pages_total":0,"inactive":433278976,"low_free":0,"low_total":0,"mapped":202088448,"page_tables":3350528,"shared":5169152,"slab":71729152,"sreclaimable":28606464,"sunreclaim":43122688,"swap_cached":0,"swap_free":0,"swap_total":0,"total":1008193536,"used":318504960,"used_percent":31.591648689165964,"vmalloc_chunk":0,"vmalloc_total":35184372087808,"vmalloc_used":18264064,"write_back":0,"write_back_tmp":0},"name":"mem","tags":{"host":"junseolee"},"timestamp":1779927357}
{"fields":{"free":6172143616,"inodes_free":1056825,"inodes_total":1179648,"inodes_used":122823,"inodes_used_percent":10.411834716796875,"total":9283444736,"used":3094523904,"used_percent":33.39413977377706},"name":"disk","tags":{"device":"vda1","fstype":"ext4","host":"junseolee","label":"cloudimg-rootfs","mode":"rw","path":"/"},"timestamp":1779927357}
{"fields":{"free":6172143616,"inodes_free":1056825,"inodes_total":1179648,"inodes_used":122823,"inodes_used_percent":10.411834716796875,"total":9283444736,"used":3094523904,"used_percent":33.39413977377706},