{"fields":{"free":6173069312,"inodes_free":1056853,"inodes_total":1179648,"inodes_used":122795,"inodes_used_percent":10.409461127387152,"total":9283444736,"used":3093598208,"used_percent":33.3841502495171},"name":"disk","tags":{"device":"vda1","fstype":"ext4","host":"junseolee","label":"cloudimg-rootfs","mode":"rw","path":"/"},"timestamp":1779858471}
{"fields":{"active":348749824,"available":693854208,"available_percent":68.82152912355113,"buffered":18501632,"cached":738054144,"commit_limit":504094720,"committed_as":356970496,"dirty":131072,"free":95830016,"high_free":0,"high_total":0,"huge_page_size":2097152,"huge_pages_free":0,"huge_pages_total":0,"inactive":429023232,"low_free":0,"low_total":0,"mapped":174592000,"page_tables":2813952,"shared":5165056,"slab":69988352,"sreclaimable":27299840,"sunreclaim":42688512,"swap_cached":0,"swap_free":0,"swap_total":0,"total":1008193536,"used":314339328,"used_percent":31.178470876448866,"vmalloc_chunk":0,"vmalloc_total":35184372087808,"vmalloc_used":18079744,"write_back":0,"write_back_tmp":0},"name":"mem","tags":{"host":"junseolee"},"timestamp":1779858471}
{"fields":{"active":348782592,"available":693907456,"available_percent":68.82681064918076,"buffered":18501632,"cached":738070528,"commit_limit":504094720,"committed_as":356970496,"dirty":135168,"free":95830016,"high_free":0,"high_total":0,"huge_page_size":2097152,"huge_pages_free":0,"huge_pages_total":0,"inactive":429023232,"low_free":0,"low_total":0,"mapped":175013888,"page_tables":2818048,"shared":5165056,"slab":70000640,"sreclaimable":27312128,"sunreclaim":42688512,"swap_cached":0,"swap_free":0,"swap_total":0,"total":1008193536,"used":314286080,"used_percent":31.173189350819246,"vmalloc_chunk":0,"vmalloc_total":35184372087808,"vmalloc_used":18096128,"write_back":0,"write_back_tmp":0},"name":"mem","tags":{"host":"junseolee"},"timestamp":1779858476}
{"fields":{"free":6173065216,"inodes_free":1056853,"inodes_total":1179648,"inodes_used":122795,"inodes_used_percent":10.409461127387152,"total":9283444736,"used":3093602304,"used_percent":33.384194450951874},"name":"disk","tags":{"device":"vda1","fstype":"ext4","host":"junseolee","label":"cloudimg-rootfs","mode":"rw","path":"/"},"timestamp":1779858476}
{"fields":{"active":348831744,"available":693911552,"available_percent":68.82721692038304,"buffered":18501632,"cached":738070528,"commit_limit":504094720,"committed_as":356970496,"dirty":8192,"free":95830016,"high_free":0,"high_total":0,"huge_page_size":2097152,"huge_pages_free":0,"huge_pages_total":0,"inactive":429027328,"low_free":0,"low_total":0,"mapped":175013888,"page_tables":2822144,"shared":5165056,"slab":70000640,"sreclaimable":27312128,"sunreclaim":42688512,"swap_cached":0,"swap_free":0,"swap_total":0,"total":1008193536,"used":314281984,"used_percent":31.172783079616966,"vmalloc_chunk":0,"vmalloc_total":35184372087808,"vmalloc_used":18096128,"write_back":0,"write_back_tmp":0},"name":"mem","tags":{"host":"junseolee"},"timestamp":1779858480}
{"fields":{"free":6173065216,"inodes_free":1056853,"inodes_total":1179648,"inodes_used":122795,"inodes_used_percent":10.409461127387152,"total":9283444736,"used":3093602304,"used_percent":33.384194450951874},"name":"disk","tags":{"device":"vda1","fstype":"ext4","host":"junseolee","label":"cloudimg-rootfs","mode":"rw","path":"/"},"timestamp":1779858482}
{"fields":{"active":348844032,"available":693911552,"available_percent":68.82721692038304,"buffered":18509824,"cached":738070528,"commit_limit":504094720,"committed_as":356970496,"dirty":65536,"free":95830016,"high_free":0,"high_total":0,"huge_page_size":2097152,"huge_pages_free":0,"huge_pages_total":0,"inactive":429027328,"low_free":0,"low_total":0,"mapped":175013888,"page_tables":2813952,"shared":5165056,"slab":70000640,"sreclaimable":27312128,"sunreclaim":42688512,"swap_cached":0,"swap_free":0,"swap_total":0,"total":1008193536,"used":314281984,"used_percent":31.172783079616966,"vmalloc_chunk":0,"vmalloc_total":35184372087808,"vmalloc_used":18096128,"write_back":0,"write_back_tmp":0},"name":"mem","tags":{"host":"junseolee"},"timestamp":1779858485}
{"fields":{"free":6173061120,"inodes_free":1056853,"inodes_total":1179648,"inodes_used":122795,"inodes_used_percent":10.409461127387152,"total":9283444736,"used":3093606400,"used_percent":33.38423865238666},"name":"disk","tags":{"device":"vda1","fstype":"ext4","host":"junseolee","label":"cloudimg-rootfs","mode":"rw","path":"/"},"timestamp":1779858487}
{"fields":{"free":6173061120,"inodes_free":1056853,"inodes_total":1179648,"inodes_used":122795,"inodes_used_percent":10.409461127387152,"total":9283444736,"used":3093606400,"used_percent":33.38423865238666},"name":"disk","tags":{"device":"vda1","fstype":"ext4","host":"junseolee","label":"cloudimg-rootfs","mode":"rw","path":"/"},"timestamp":1779858490}
{"fields":{"active":348966912,"available":693923840,"available_percent":68.82843573398986,"buffered":18509824,"cached":738074624,"commit_limit":504094720,"committed_as":356970496,"dirty":69632,"free":95830016,"high_free":0,"high_total":0,"huge_page_size":2097152,"huge_pages_free":0,"huge_pages_total":0,"inactive":429039616,"low_free":0,"low_total":0,"mapped":175013888,"page_tables":2818048,"shared":5165056,"slab":70000640,"sreclaimable":27312128,"sunreclaim":42688512,"swap_cached":0,"swap_free":0,"swap_total":0,"total":1008193536,"used":314269696,"used_percent":31.171564266010133,"vmalloc_chunk":0,"vmalloc_total":35184372087808,"vmalloc_used":18096128,"write_back":0,"write_back_tmp":0},"name":"mem","tags":{"host":"junseolee"},"timestamp":1779858490}
{"fields":{"free":6173061120,"inodes_free":1056853,"inodes_total":1179648,"inodes_used":122795,"inodes_used_percent":10.409461127387152,"total":9283444736,"used":3093606400,"used_percent":33.38423865238666},"name":"disk","tags":{"device":"vda1","fstype":"ext4","host":"junseolee","label":"cloudimg-rootfs","mode":"rw","path":"/"},"timestamp":1779858496}
{"fields":{"active":349036544,"available":693923840,"available_percent":68.82843573398986,"buffered":18509824,"cached":738074624,"commit_limit":504094720,"committed_as":356970496,"dirty":69632,"free":95830016,"high_free":0,"high_total":0,"huge_page_size":2097152,"huge_pages_free":0,"huge_pages_total":0,"inactive":429039616,"low_free":0,"low_total":0,"mapped":175030272,"page_tables":2818048,"shared":5165056,"slab":70000640,"sreclaimable":27312128,"sunreclaim":42688512,"swap_cached":0,"swap_free":0,"swap_total":0,"total":1008193536,"used":314269696,"used_percent":31.171564266010133,"vmalloc_chunk":0,"vmalloc_total":35184372087808,"vmalloc_used":18096128,"write_back":0,"write_back_tmp":0},"name":"mem","tags":{"host":"junseolee"},"timestamp":1779858496}
{"fields":{"active":349093888,"available":693923840,"available_percent":68.82843573398986,"buffered":18509824,"cached":738074624,"commit_limit":504094720,"committed_as":356970496,"dirty":65536,"free":95830016,"high_free":0,"high_total":0,"huge_page_size":2097152,"huge_pages_free":0,"huge_pages_total":0,"inactive":429039616,"low_free":0,"low_total":0,"mapped":175030272,"page_tables":2822144,"shared":5165056,"slab":70000640,"sreclaimable":27312128,"sunreclaim":42688512,"swap_cached":0,"swap_free":0,"swap_total":0,"total":1008193536,"used":314269696,"used_percent":31.171564266010133,"vmalloc_chunk":0,"vmalloc_total":35184372087808,"vmalloc_used":18096128,"write_back":0,"write_back_tmp":0},"name":"mem","tags":{"host":"junseolee"},"timestamp":1779858501}
{"fields":{"free":6173061120,"inodes_free":1056853,"inodes_total":1179648,"inodes_used":122795,"inodes_used_percent":10.409461127387152,"total":9283444736,"used":3093606400,"used_percent":33.38423865238666},"name":"disk","tags":{"device":"vda1","fstype":"ext4","host":"junseolee","label":"cloudimg-rootfs","mode":"rw","path":"/"},"timestamp":1779858502}
{"fields":{"free":6173061120,"inodes_free":1056853,"inodes_total":1179648,"inodes_used":122795,"inodes_used_percent":10.409461127387152,"total":9283444736,"used":3093606400,